{"A":[[-1.9621817309474845,29.347856106944221,7.0993847933938152,-4.2705256313557625,-2.1972083632814079,7.0202243299565783,2.3565694812168227,-1.4030696302221692,0,0],[-28.972978059680379,-0.38304700463487723,-2.4525421271859558,6.87681195181141,0.63823953598475336,-2.316078474543946,-1.2142351952670347,0.78719747083849012,0,0],[-6.4471015365886633,1.8321605198956594,-0.804826868431119,43.659795599593181,2.0128481038925257,-2.9293127666065124,-2.17952258154439,1.4596475317226525,0,0],[-0.55360569045250463,-6.4354704576788722,-43.3013520755812,-3.9155921684476676,-4.2236788762949722,17.700582023381209,3.3672754945468308,-2.2956424178853783,0,0],[1.5281924648995207,0.18750030161628226,-1.613713254406552,2.7564993300792553,-0.7994888234405273,36.5849001015981,3.4845982631382229,-1.7718375748965718,0,0],[-4.79608197726307,-0.17232760746190778,-1.9519653666025503,-17.129323203094749,-34.262608676543088,-9.6707183907122616,-20.689319803821629,10.743661158639451,0,0],[-0.11811193840932313,0.690456627570501,1.6096546722069935,1.7463094414522913,-2.0490194180430583,20.008217309248781,-3.1220050197376188,27.630135800862551,0,0],[-0.64936384080580523,-0.42878576697823445,-1.2283644612452622,-0.98203917251628015,0.43261301790605733,-9.07399498855008,-25.359219777407269,-1.4637617577724646,0,0],[0,0,0,0,0,0,0,0,11.639730662921451,169.01860222050735],[0,0,0,0,0,0,0,0,-3.1001538289175681,-11.436730662925269]],"B":[[196.05001569190688,-248.62596432031833],[135.51942044816857,-108.09269772923359],[82.282047772676421,34.505910795952794],[388.17346965800505,-81.697791498058109],[-86.404234696048761,80.999894102834034],[411.45183986827976,108.05525701110125],[-211.79905734763838,-112.44724524551208],[16.271983099657934,-80.309692758606133],[-6.7504339540634675,-5.1330589146306869],[-0.38052922828586233,-0.19862727120125226]],"C":[[0.0025392538092778544,-0.0011670766582256059,0.0001277395192480745,-0.00418514540554543,6.3405198003446152E-5,0.0021477937690162277,-0.0030377840483607767,-0.0039594055945407552,0.00961325407078225,-0.036305781771965542],[415.96736668232546,-179.55483464915443,-232.41048802611127,494.15916928432767,168.02699062265495,-558.30276324515273,-247.01257685084985,162.86421354297102,8833.44412983007,46878.501664043353]],"B1":[[0.0060256833061185693,161.63428956849714,-215.99242260120076],[-0.028246933364216509,-6.4827181849111115,46.350570058564394],[0.012928866174399874,213.8356839140996,-18.109141443217823],[0.029740826831932854,286.56398690967575,-68.711024128177215],[0.0089395199549249654,110.90457285898985,43.664382280725796],[0.015886112285766613,356.45713650677015,60.594810913050573],[-0.016516544493721912,-55.185416207782822,-21.600276557114309],[-0.022049514157415739,139.31327518539513,20.053750341744596],[0.0008700349008243319,-6.9142418328534356,-4.87179940583161],[-0.00013870862240042151,0.44891507195624991,0.3598615374913755]],"C1":[[-0.051783106490726843,0.0049740891845285991,0.030582441475655746,-0.0047493712682033663,-0.034083608468214378,0.0020889619673203244,0.084804868272113587,0.029362486882130546,-0.42914358094170052,1.3894176900849462],[-0.025195950612759078,0.084617119448460953,-0.012720161380474595,-0.01887641304972457,-0.02733813905942744,-0.025350812856893508,0.12701013087504598,0.010658851926404712,-2.9454299728923869,0.85149231862552122],[-0.034918640356624529,-0.013797956739140001,-0.0048109244338416747,0.013939995735163259,-0.00094332123655881616,-0.013739852856247606,0.078137871376973159,-0.089396877290474,-1.4211782594800182,-7.7299351455438812],[0,0,0,0,0,0,0,0,0,0],[0,0,0,0,0,0,0,0,0,0]],"D12":[[0,0],[0,0],[0,0],[0.13503703195790404,0],[0,0.027009257672139009]],"D21":[[0,0,0],[0,0,0]],"P":[[0.965781569419247,-0.070778890460121355,0.24623754408513837,0.3914216139527994,0.05436675960082088,0.28497712710685319,-0.027227901314452654,0.1163926016680667,-0.00041796355342613688,-3.3070703278912218E-5],[-0.070778890460121355,0.51401857137733187,-0.014243877574771063,-0.032272061099621913,0.008351396263615498,0.0031858714796996861,-0.0041179722503109049,0.0001687979554512815,-0.0011583207870872077,8.8125449104118071E-5],[0.2462375440851384,-0.014243877574771063,0.79474330167025131,0.40014018665691065,0.14671763729490328,0.48080598895889093,-0.073020473388993687,0.1883327551430482,-0.0088978400979452046,0.000572654567394314],[0.3914216139527994,-0.03227206109962192,0.40014018665691065,1.0557767956149027,0.18419860740110439,0.62709918180840785,-0.091711848033898188,0.2466832203981362,-0.010538408663570252,0.00066506517691484785],[0.054366759600820859,0.008351396263615498,0.14671763729490328,0.18419860740110436,0.59092097690180712,0.26994279421934042,-0.045206258516345257,0.10448712769276963,-0.0062690889023354823,0.00041919913476118559],[0.28497712710685319,0.0031858714796996861,0.48080598895889093,0.62709918180840785,0.26994279421934042,1.3366938977828038,-0.13427264239611003,0.32559592966233669,-0.017662954206946968,0.0011636782124792595],[-0.027227901314452654,-0.0041179722503109049,-0.073020473388993687,-0.091711848033898188,-0.045206258516345264,-0.13427264239611003,0.5224768152458642,-0.0519758544869289,0.00311550408597797,-0.0002082986977852631],[0.11639260166806667,0.0001687979554512815,0.18833275514304817,0.2466832203981362,0.10448712769276963,0.32559592966233669,-0.051975854486928888,0.62678618900372307,-0.0067900386773896643,0.00044644099483659921],[-0.000417963553426136,-0.0011583207870872079,-0.0088978400979452029,-0.01053840866357025,-0.0062690889023354832,-0.017662954206946968,0.00311550408597797,-0.0067900386773896643,0.50045786349011712,-3.1085316576843446E-5],[-3.3070703278912164E-5,8.8125449104118071E-5,0.000572654567394314,0.00066506517691484774,0.00041919913476118559,0.0011636782124792595,-0.0002082986977852631,0.00044644099483659921,-3.1085316576843446E-5,0.50000211856055832]],