{"alpha_3":3,"damp_parm":5E-5,"A":[[0,0,0,0,0,0,0,0,0,0,1,0,0,0,0,0,0,0,0,0],[0,0,0,0,0,0,0,0,0,0,0,1,0,0,0,0,0,0,0,0],[0,0,0,0,0,0,0,0,0,0,0,0,1,0,0,0,0,0,0,0],[0,0,0,0,0,0,0,0,0,0,0,0,0,1,0,0,0,0,0,0],[0,0,0,0,0,0,0,0,0,0,0,0,0,0,1,0,0,0,0,0],[0,0,0,0,0,0,0,0,0,0,0,0,0,0,0,1,0,0,0,0],[0,0,0,0,0,0,0,0,0,0,0,0,0,0,0,0,1,0,0,0],[0,0,0,0,0,0,0,0,0,0,0,0,0,0,0,0,0,1,0,0],[0,0,0,0,0,0,0,0,0,0,0,0,0,0,0,0,0,0,1,0],[0,0,0,0,0,0,0,0,0,0,0,0,0,0,0,0,0,0,0,1],[-91.154273177504521,64.6170927100181,-17.314097662567892,4.6392979402534751,-1.2430940984460146,0.33307845353058457,-0.089219715676323932,0.023800409174711223,-0.0059819210225210027,0.0010182417479540891,0.005024786341124775,0.003230854635500905,-0.00086570488312839465,0.00023196489701267381,-6.2154704922300736E-5,1.665392267652923E-5,-4.4609857838161975E-6,1.1900204587355612E-6,-2.9909605112605009E-7,5.09099661491149E-8],[64.6170927100181,-108.46837084007242,69.256390650271584,-18.557191761013904,4.9723763937840593,-1.3323138141223385,0.35687886270529579,-0.0952016366988449,0.023927684090084014,-0.0040729669918163573,0.0032308546355009054,0.00415908145799638,0.0034628195325135795,-0.00092785958805069544,0.000248618819689203,-6.6615690706116934E-5,1.7843943135264793E-5,-4.7600818349422466E-6,1.1963842045042004E-6,-2.0363986459645964E-7],[-17.314097662567892,69.256390650271584,-109.71146493851843,69.589469103802159,-18.646411476690226,4.9961768029587708,-1.3382957351448594,0.35700613762066846,-0.089728815337815071,0.015273626219311344,-0.00086570488312839454,0.003462819532513579,0.0040969267530740787,0.0034794734551901086,-0.00093232057383451175,0.0002498088401479386,-6.6914786757242989E-5,1.7850306881033433E-5,-4.4864407668907549E-6,7.6364949223672416E-7],[4.6392979402534769,-18.557191761013907,69.589469103802159,-109.80068465419475,69.613269512976856,-18.652393397712746,4.996304077874143,-1.3328229137838292,0.33498757726117628,-0.057021537885429026,0.00023196489701267375,-0.00092785958805069533,0.0034794734551901081,0.0040924657672902634,0.003480663475648843,-0.00093261966988563729,0.00024981520389370711,-6.6641145689191466E-5,1.6749378863058816E-5,-2.850958104350437E-6],[-1.2430940984460148,4.9723763937840593,-18.646411476690222,69.613269512976871,-109.80666657521725,69.613396787892228,-18.646920576351718,4.97428551751465,-1.2502214937068905,0.2128125253224048,-6.2154704922300736E-5,0.00024861881968920294,-0.00093232057383451131,0.0034806634756488434,0.0040921666712391376,0.003480669839394612,-0.000932346028817586,0.00024871427587573261,-6.251107468534455E-5,1.0640182925165027E-5],[0.33307845353058463,-1.3323138141223385,4.9961768029587708,-18.65239339771275,69.613396787892228,-109.80119375385624,69.591378227532758,-18.564319156274777,4.6658983975663872,-0.79422856340419046,1.6653922676529233E-5,-6.6615690706116947E-5,0.00024980884014793854,-0.0009326196698856374,0.0034806698393946124,0.0040924403123071881,0.0034795689113766375,-0.00092821595781373894,0.00023329491987831937,-3.9709773596309674E-5],[-0.089219715676323946,0.35687886270529579,-1.3382957351448592,4.9963040778741439,-18.646920576351718,69.591378227532758,-109.7185923337793,69.282991107584479,-17.413372096558664,2.9641017282943576,-4.4609857838161966E-6,1.784394313526479E-5,-6.6914786757242962E-5,0.00024981520389370717,-0.00093234602881758593,0.0034795689113766375,0.0040965703833110356,0.0034641495553792245,-0.00087066860482793319,0.00014819891146007372],[0.023800409174711233,-0.095201636698844933,0.35700613762066852,-1.3328229137838299,4.9742855175146516,-18.564319156274784,69.282991107584479,-108.56764527406318,64.98758998866829,-11.062178349773243,1.1900204587355612E-6,-4.7600818349422457E-6,1.7850306881033423E-5,-6.6641145689191466E-5,0.0002487142758757325,-0.00092821595781373883,0.0034641495553792241,0.0041541177362968426,0.0032493794994334136,-0.0005530858722439853],[-0.0059819210225210036,0.023927684090084014,-0.089728815337815071,0.33498757726117645,-1.2502214937068907,4.6658983975663881,-17.413372096558664,64.987589988668276,-92.5369878581145,41.284611670798625,-2.9909605112605014E-7,1.196384204504201E-6,-4.4864407668907549E-6,1.674937886305882E-5,-6.2511074685344536E-5,0.00023329491987831937,-0.00087066860482793319,0.0032493794994334141,0.0049556506070942766,0.002064144577515868],[0.00012727491537278728,-0.00050909966149114913,0.0019091237305918097,-0.0071273952608760932,0.026600457312912565,-0.0992744339907742,0.37049727865018428,-1.3827146806099633,5.16036144378967,-4.0762683334212468,6.3637457686393653E-9,-2.5454983074557464E-8,9.54561865295905E-8,-3.5636976304380467E-7,1.3300228656456286E-6,-4.96372169953871E-6,1.8524863932509215E-5,-6.9135734030498176E-5,0.00025801807218948355,0.0093790075621805139]],"B":[0,0,0,0,0,0,0,0,0,0,-6.3637457686393622E-6,2.5454983074557449E-5,-9.54561865295905E-5,0.00035636976304380445,-0.0013300228656456282,0.004963721699538709,-0.018524863932509211,0.06913573403049815,-0.25801807218948347,0.96293655472743589],"B1":[0,0,0,0,0,0,0,0,0,0,-4.2424971790929082E-6,1.6969988716371633E-5,-6.3637457686393668E-5,0.00023757984202920298,-0.00088668191043041883,0.0033091477996924725,-0.012349909288339475,0.046090489353665436,-0.17201204812632231,0.64195770315162393],"C":[[0,0,0,0,0,0,0,0,0,1,0,0,0,0,0,0,0,0,0,0],[0,0,0,0,0,0,0,0,0,0,0,0,0,0,0,0,0,0,0,1]],"D12":[0,0,1.2247448713915889],"C1":[[0,0,0,0,0,0,0,0,0,1,0,0,0,0,0,0,0,0,0,0],[0,0,0,0,0,0,0,0,0,0,0,0,0,0,0,0,0,0,0,1],[0,0,0,0,0,0,0,0,0,0,0,0,0,0,0,0,0,0,0,0]],"x0":[0.1,0.2,0.30000000000000004,0.4,0.5,0.60000000000000009,0.70000000000000007,0.8,0.9,1,-2,-2,-2,-2,-2,-2,-2,-2,-2,-2],"D22":[0,0],"D11":[0,0,0],"R":1.5,"Q":[[10,-5,0,0,0,0,0,0,0,0,0,0,0,0,0,0,0,0,0,0],[-5,10,-5,0,0,0,0,0,0,0,0,0,0,0,0,0,0,0,0,0],[0,-5,10,-5,0,0,0,0,0,0,0,0,0,0,0,0,0,0,0,0],[0,0,-5,10,-5,0,0,0,0,0,0,0,0,0,0,0,0,0,0,0],[0,0,0,-5,10,-5,0,0,0,0,0,0,0,0,0,0,0,0,0,0],[0,0,0,0,-5,10,-5,0,0,0,0,0,0,0,0,0,0,0,0,0],[0,0,0,0,0,-5,10,-5,0,0,0,0,0,0,0,0,0,0,0,0],[0,0,0,0,0,0,-5,10,-5,0,0,0,0,0,0,0,0,0,0,0],[0,0,0,0,0,0,0,-5,10,-5,0,0,0,0,0,0,0,0,0,0],[0,0,0,0,0,0,0,0,-5,5.01,0,0,0,0,0,0,0,0,0,0],[0,0,0,0,0,0,0,0,0,0,0.13333333333333333,0.033333333333333326,0,0,0,0,0,0,0,0],[0,0,0,0,0,0,0,0,0,0,0.033333333333333326,0.13333333333333333,0.033333333333333326,0,0,0,0,0,0,0],[0,0,0,0,0,0,0,0,0,0,0,0.033333333333333326,0.13333333333333333,0.033333333333333326,0,0,0,0,0,0],[0,0,0,0,0,0,0,0,0,0,0,0,0.033333333333333326,0.13333333333333333,0.033333333333333326,0,0,0,0,0],[0,0,0,0,0,0,0,0,0,0,0,0,0,0.033333333333333326,0.13333333333333333,0.033333333333333326,0,0,0,0],[0,0,0,0,0,0,0,0,0,0,0,0,0,0,0.033333333333333326,0.13333333333333333,0.033333333333333326,0,0,0],[0,0,0,0,0,0,0,0,0,0,0,0,0,0,0,0.033333333333333326,0.13333333333333333,0.033333333333333326,0,0],[0,0,0,0,0,0,0,0,0,0,0,0,0,0,0,0,0.033333333333333326,0.13333333333333333,0.033333333333333326,0],[0,0,0,0,0,0,0,0,0,0,0,0,0,0,0,0,0,0.033333333333333326,0.13333333333333333,0.033333333333333326],[0,0,0,0,0,0,0,0,0,0,0,0,0,0,0,0,0,0,0.033333333333333326,1.5666666666666667]],"D21":[0,1]}