{"A":[[0.27915607017139105,0.035334139307751575,-0.033625259336839235,-0.040585227038931235,-0.038799328993133451],[0.035334139307751707,-0.68668816551770806,1.8199359308417444,2.2013711478477176,2.1448612431967806],[-0.033625259336839783,1.8199359308417478,-7.8492805896817837,-12.251305090449073,-12.455290206345087],[-0.040585227038931311,2.2013711478477176,-12.25130509044908,-22.336587805365252,-25.755979326202922],[-0.038799328993134111,2.144861243196782,-12.455290206345104,-25.755979326202993,-35.480275844425961]],"B":[[5.3584999123575834,4.9951196831005431],[4.221568697903531,-2.3459503263544588],[-0.23358097296831218,1.5963443008345961],[3.0291408894340259,-1.7451839229417565],[-3.1475315054763877,0.69561472022542081]],"C1":[[0.70710678118654757,0,0,0,0],[0,0.70710678118654757,0,0,0],[0,0,0.70710678118654757,0,0],[0,0,0,0.70710678118654757,0],[0,0,0,0,0.70710678118654757],[0,0,0,0,0],[0,0,0,0,0]],"D12":[[0,0],[0,0],[0,0],[0,0],[0,0],[0.70710678118654757,0],[0,0.70710678118654757]],"C":[[0.30567962642583074,0.6230254209040279,0.023016363267477483,0.51144300226904282,-0.58763131809402958],[5.5803084037067592,-3.6700633137382326,0.15921163410546382,-4.2290831356362322,3.9532299981309724]],"x0":[23.198004578363712,-14.271343807733283,8.6714133244809837,4.6710259869258772,1.4618828055926649],"B1":[[23.198004578363712,0,0,0,0],[0,-14.271343807733283,0,0,0],[0,0,8.6714133244809837,0,0],[0,0,0,4.6710259869258772,0],[0,0,0,0,1.4618828055926649]]}