{"B1":[[110013.42476554756,0,0,0,0],[0,3369.116774124896,0,0,0],[0,0,49555.936081098625,0,0],[0,0,0,-199.22350079762685,0],[0,0,0,0,-34566.513834011857]],"A":[[-0.29476705896102334,0.0656117376415963,-0.56041783819644453,0.008293527183213481,0.37262993284866258],[0.065611737641594975,-6.2394972039056142,4.4534648614490839,-4.6553494192498324,-5.9527626576634436],[-0.56041783819643876,4.4534648614490777,-10.037132322998765,7.4454368837619214,13.388099518783678],[0.0082935271832116353,-4.6553494192498377,7.4454368837619249,-14.657829144361123,-23.309926531165885],[0.37262993284865675,-5.95276265766345,13.388099518783676,-23.309926531165882,-61.139103998961673]],"B":[[-8.2147252969764875,-4.7719447682562528],[-1.6183037602138783,7.2924232936001721],[-17.048857323574303,-6.2403225767200077],[-0.16671472429385373,1.0384922579045988],[7.3934042814033312,10.866988225184718]],"C1":[[0.70710678118654757,0,0,0,0],[0,0.70710678118654757,0,0,0],[0,0,0.70710678118654757,0,0],[0,0,0,0.70710678118654757,0],[0,0,0,0,0.70710678118654757],[0,0,0,0,0],[0,0,0,0,0]],"D12":[[0,0],[0,0],[0,0],[0,0],[0,0],[7.0710678118654755,0],[0,7.0710678118654755]],"C":[[0.545450814885195,-0.4913064263779619,-0.48635888301037616,-0.32169280316208176,-0.51498059742944535],[0.58508721468222358,0.83053573646300061,0.82744869758911421,-0.2923434553076692,0.19977663676327129],[0.55827827630711213,-1.0472280015999644,1.8216596661849118,-0.24032092112101891,-0.85288395402887129],[0.5265297340651548,-1.3760177989671258,0.47930375675228709,-0.72656476342833864,-1.2685368916720887]],"x0":[82318.694370721933,10261.992313990511,-2426.6910929172259,941.72807532462707,217.47920727350703],"E":[[0.95601475696802507,0.030452129551451636,-0.043402800493571883,0.040457180618550345,0.052435807040895323],[0.030452129551451636,0.89742493401381729,0.0300726512230036,-0.056634571632062217,-0.088271708282640374],[-0.043402800493571883,0.0300726512230036,0.90109510600887344,0.022134484655468384,0.068193867930055163],[0.040457180618550345,-0.056634571632062217,0.022134484655468384,0.90074380610766425,-0.052353624158519026],[0.052435807040895323,-0.088271708282640374,0.068193867930055163,-0.052353624158519026,0.85938403686724751]],"f":[27694.730394825594,-6892.8755398655585,51982.627174015761,-1140.9515761222644,-34783.993041285394]}