{"A":[[0.30253876108833611,-1.9715135086439677,1.2684385765779673,0.2140993601171397,-0.024958614895049178,-0.0060111780395473505,1.0996572972939067],[0.0090646616615333228,0.19716023093358231,-0.18717827819319502,-2.443732487200271,0.54665631657538094,-0.49323466146890138,1.805823637039653],[0.027833026367625649,-2.3350975514530692,-7.0806958383135079,-7.7138281257786865,3.6105433402041962,1.7268070051956945,1.4544734285797891],[0.015881504358054164,-1.6977854746559025,-9.2122053888177913,-12.810727061892788,4.9953846489794831,8.4930489405206053,5.8737115381705918],[-0.0074292730358643533,0.77386356856313554,5.28441626718002,11.710476219819412,-18.312728283677039,-18.727852116759447,-11.936284916009141],[-0.006249073642676406,0.64859592412186329,4.36781224832249,9.9881459653740716,-23.1763665047678,-34.316016308953124,-20.290822270537113],[-0.0033370835074666982,0.349413444841881,2.3657226639439557,5.3799341265954022,-13.212018633165396,-24.672244520012988,-19.215434781329325]],"B":[[-1.3725179530353295,-1.7325934584489806],[6.600555230710456,0.642040495676289],[-2.9195206827502607,1.222203675381585],[-1.3543086501248713,-2.1905987042043154],[-3.3801904176810287,0.034479315271935235],[-0.999845624864357,0.80632180771688722],[5.9499242578059208,-0.56672082631365406]],"C":[[-5.75003319435639,2.54377210650956,-5.9105185703758947,4.118880661252601,1.3584183444444273,-1.3216104237514832,-1.8602073069740699],[-0.27751592547644477,2.7743670359710761,1.6851699758936431,-1.542858364186398,2.2440557015892209,-2.8436023377699815,1.8563278167572868]],"B1":[[-10.768960881953467,0,0,0,0,0,0],[0,17.814085523360056,0,0,0,0,0],[0,0,21.723194988400923,0,0,0,0],[0,0,0,14.190290594128282,0,0,0],[0,0,0,0,-3.8607148825956634,0,0],[0,0,0,0,0,-1.5776819626291334,0],[0,0,0,0,0,0,-0.40704591231328457]],"C1":[[0.70710678118654757,0,0,0,0,0,0],[0,0.70710678118654757,0,0,0,0,0],[0,0,0.70710678118654757,0,0,0,0],[0,0,0,0.70710678118654757,0,0,0],[0,0,0,0,0.70710678118654757,0,0],[0,0,0,0,0,0.70710678118654757,0],[0,0,0,0,0,0,0.70710678118654757],[0,0,0,0,0,0,0],[0,0,0,0,0,0,0]],"D12":[[0,0],[0,0],[0,0],[0,0],[0,0],[0,0],[0,0],[7.0710678118654755,0],[0,7.0710678118654755]],"x0":[-10.768960881953467,17.814085523360056,21.723194988400923,14.190290594128282,-3.8607148825956634,-1.5776819626291334,-0.40704591231328457]}