{"A":[[1.0976910660701311,1.6092704574868586,-1.4811442112408391,-0.39399986979896695,-0.00097263494662127616,-0.17708581674852236,-0.42376992788012169],[-0.10519424593275296,-4.4899819106199947,-10.431458218993606,6.0246965134656758,-4.3968441046215112,1.7127483936488852,-2.2370023788120053],[-0.12077993861922066,-11.541619944354116,-34.501832402961057,20.386455034082537,-22.155238717307174,11.884643728504486,-10.952436834323263],[0.040682650396770215,4.6438551619429944,21.134551381984405,-20.308049389406531,32.205222830791307,-20.4966686582298,12.557510108116585],[-0.040074124351162643,-4.7448295883610054,-23.761521799459778,34.86751949632675,-112.05605568578454,70.6150740315612,-51.868048088560712],[0.0200564451297367,2.3687148842621917,11.90060742903214,-17.923404359489744,73.68488018822201,-68.364825100438878,59.00555196112397],[-0.0141435970416523,-1.6725811349552333,-8.3942143199367685,12.645135282222629,-53.630781404815991,64.3129979081264,-116.20180456899496]],"B":[[3.9090880718591881,2.4849111241518576],[3.8884763502101656,0.277410413509047],[-4.6749788161693,-0.45362737812763132],[-4.4073817396286419,1.6584691215832768],[1.4052398030796112,0.25558017441475339],[4.0183586659007933,-0.41303350098297914],[0.20346320835745696,-1.618311741796238]],"C":[[6.884457183796342,-4.108507257488065,-0.57400426996402232,-3.2343619447422065,-1.2741034931745496,-2.9612889078386444,-4.4710138861893318],[1.5225012089910888,4.5128262459598,-2.1674699413040037,0.34380081159715964,1.04885608579399,1.6472089543768866,-0.15435706949227171]],"B1":[[15.562632487980833,0,0,0,0,0,0],[0,19.009974083409606,0,0,0,0,0],[0,0,21.783734263840735,0,0,0,0],[0,0,0,-6.2142267125758028,0,0,0],[0,0,0,0,2.6792222929147331,0,0],[0,0,0,0,0,-0.50273380993111161,0],[0,0,0,0,0,0,0.076891912008710983]],"C1":[[2.23606797749979,0,0,0,0,0,0],[0,2.23606797749979,0,0,0,0,0],[0,0,2.23606797749979,0,0,0,0],[0,0,0,2.23606797749979,0,0,0],[0,0,0,0,2.23606797749979,0,0],[0,0,0,0,0,2.23606797749979,0],[0,0,0,0,0,0,2.23606797749979],[0,0,0,0,0,0,0],[0,0,0,0,0,0,0]],"D12":[[0,0],[0,0],[0,0],[0,0],[0,0],[0,0],[0,0],[7.0710678118654755,0],[0,7.0710678118654755]],"x0":[15.562632487980833,19.009974083409606,21.783734263840735,-6.2142267125758028,2.6792222929147331,-0.50273380993111161,0.076891912008710983]}