{"A":[[0.66576728441852062,-0.083205673739407265,-0.1080912987339115,-0.037669998971473412,0.07803517574859628],[-0.083205673739406932,-0.81032477554470994,-1.9331326219733262,-0.84649590186611845,1.5911065756941645],[-0.1080912987339125,-1.9331326219733231,-5.6770862183255755,-3.6791889249103589,5.3892952206275746],[-0.037669998971476069,-0.84649590186612012,-3.6791889249103717,-6.6484131299067917,3.0985978967091521],[0.0780351757485974,1.5911065756941594,5.3892952206275755,3.0985978967091516,-10.399542342009308]],"B":[[5.1669926790372456,7.3372625478842721],[13.529431103830515,24.313886267145904],[12.147376081288765,38.229571159872378],[-1.9007136773743736,27.409266744774989],[-23.46981629392204,-9.8464397124969771]],"C":[[-0.017993005035809327,0.0091988219872284321,-0.010059996734758688,-0.010620188816782209,-0.0091525076910141633],[-0.012982369549217335,-0.015349815784850802,-0.0028108979632443165,0.020722042378301022,0.019716150995833393],[-0.0059294618527221078,-0.031200063131766719,-0.037437272115295434,0.00572214900451525,0.024542625766081023],[-0.0090574818934785351,-0.015731214770295082,-0.0299767819784407,-0.013863752063571638,-0.0013299036820042911]],"B1":[[-45180.46738575412,0,0,0,0],[0,-52028.839738575094,0,0,0],[0,0,-54672.72782617763,0,0],[0,0,0,-23912.615525290352,0],[0,0,0,0,45480.079837132238]],"C1":[[7.0710678118654755,0,0,0,0],[0,7.0710678118654755,0,0,0],[0,0,7.0710678118654755,0,0],[0,0,0,7.0710678118654755,0],[0,0,0,0,7.0710678118654755],[0,0,0,0,0],[0,0,0,0,0]],"D12":[[0,0],[0,0],[0,0],[0,0],[0,0],[2.23606797749979,0],[0,2.23606797749979]],"x0":[-30309.74280619877,-8499.25233201494,-830.31205223047766,-2285.4173387918886,-933.42197439028325],"E_pod":[[0.9729353279880717,-0.00025951301748561772,-0.024608165596397665,0.0034738377020717432,0.0030397792523014552],[-0.00025951301748561772,0.94426444063049175,-0.039683162293029782,-0.022160848869742636,0.052909860516937426],[-0.024608165596397665,-0.039683162293029782,0.9173047262699493,-0.02588670191511095,0.037163112445921624],[0.0034738377020717432,-0.022160848869742636,-0.02588670191511095,0.95914307634458607,0.0059638180948399823],[0.0030397792523014552,0.052909860516937426,0.037163112445921624,0.0059638180948399823,0.90874142779061828]],"f_pod":[-14870.724579555432,-43529.587406560109,-53842.415773947127,-21627.198186498474,46413.501811522525]}