{"B1":[[70023.472371671029,0,0,0,0],[0,-68652.808938790418,0,0,0],[0,0,-46906.74456312332,0,0],[0,0,0,14981.765259259744,0],[0,0,0,0,-74507.887815770344]],"A":[[0.087037474477344709,0.11026295563479303,0.22225487908409822,0.76330793769765415,0.32797809321319565],[0.054423660562287146,-0.810044259283603,-0.822727579779806,-0.13114085544847565,-1.9198010628615416],[0.0736298374386109,-0.78692431201177759,-1.9292368118656782,-0.53536552306251384,-4.083166637063341],[0.15789065224981672,0.26509886121329723,0.063431996167167229,-9.6139922031456084,0.25714338058113012],[-0.038345144649435316,-1.6540953845833581,-3.6464293283953224,0.56804394393737534,-19.016621918121185]],"B":[[-4.3938490891217725,-21.846592087192171],[15.833461914932196,19.318359773653537],[8.909066232535146,35.700461772320573],[-18.822292751802202,83.518237601650014],[20.415915222112631,42.508447580354634]],"C1":[[0.5,0,0,0,0],[0,0.5,0,0,0],[0,0,0.5,0,0],[0,0,0,0.5,0],[0,0,0,0,0.5],[0,0,0,0,0],[0,0,0,0,0]],"D12":[[0,0],[0,0],[0,0],[0,0],[0,0],[7.0710678118654755,0],[0,7.0710678118654755]],"C":[[0.026513475707719891,0.020227151315956537,0.0075274386165982291,0.014016387027607888,0.0019998310268715016],[0.0093079158045063781,-0.030571873508418883,-0.0084595237066836873,0.037853054592792319,-0.05994473977590533],[0.012124244857120025,-0.0036099431918458062,-0.0031353908888624815,-0.034513335390305211,-0.024492205806969918]],"x0":[48936.152756547017,-16429.861878880707,-7575.8047111302485,-4482.5251495625189,-338.72635266899385],"N":[[-4.8284612810655891E-12,1.7290905892969632E-11,9.4461258896966317E-12,-2.082038269340086E-11,2.4559141024407091E-11],[1.7290905892969632E-11,-6.2263597971977263E-11,-3.4929171952717751E-11,7.4109249929899374E-11,-8.1065998530916274E-11],[9.4461258896966317E-12,-3.4929171952717751E-11,-2.2115364080648671E-11,3.913381531031334E-11,-2.4629598755248337E-11],[-2.082038269340086E-11,7.4109249929899374E-11,3.913381531031334E-11,-9.0807894032237678E-11,1.1847866098813671E-10],[2.4559141024407091E-11,-8.1065998530916274E-11,-2.4629598755248337E-11,1.1847866098813671E-10,-2.9188280406112665E-10]],"E":[[0.84147595650000317,-0.0025085065476408907,-0.07551082086771306,0.0306660016348646,0.024289324039766372],[-0.0025085065476408907,0.931728320266947,-0.012407865926151593,0.016249001696765762,-0.041717733666059409],[-0.07551082086771306,-0.012407865926151593,0.87163494372776062,0.039439874930687284,-0.0096516368145341744],[0.0306660016348646,0.016249001696765762,0.039439874930687284,0.863589119265256,0.0093683502817008164],[0.024289324039766372,-0.041717733666059409,-0.0096516368145341744,0.0093683502817008164,0.80941370763911813]],"dn":[4822.0750275924947,-17375.224597448982,-9782.146237567471,20645.98762493044,-22322.841779858296],"f":[16265.244587531395,-34847.722462460733,-29548.793614425682,-1181.6972161080603,-51846.3196832429]}