{"B1":[[92805.092908774372,0,0,0,0],[0,6887.92661275985,0,0,0],[0,0,-38581.636880896323,0,0],[0,0,0,-18696.002683796287,0],[0,0,0,0,-46690.099602759939]],"A":[[-0.345384033866754,0.20820828745173367,0.59410915911725093,0.28662166712567033,0.6200809989765359],[0.20820828745173312,-2.2951818021941044,-1.5545656868642974,-1.7460113121759357,-1.1172659050877176],[0.59410915911725037,-1.5545656868642965,-3.3072734829957913,-3.93522594160188,-3.9370912071560165],[0.28662166712567011,-1.7460113121759377,-3.9352259416018911,-10.527979224808972,-10.431730566013664],[0.62008099897653735,-1.1172659050877141,-3.9370912071560169,-10.431730566013632,-15.388398033291177]],"B":[[-9.117303801226404,-13.918005304208132],[0.94029526096203,17.728206812438664],[14.388201002987051,25.611425872433877],[2.9577546622512756,19.769903906508169],[7.5265981218162343,39.805374749709053]],"C1":[[7.0710678118654755,0,0,0,0],[0,7.0710678118654755,0,0,0],[0,0,7.0710678118654755,0,0],[0,0,0,7.0710678118654755,0],[0,0,0,0,7.0710678118654755],[0,0,0,0,0],[0,0,0,0,0]],"D12":[[0,0],[0,0],[0,0],[0,0],[0,0],[2.23606797749979,0],[0,2.23606797749979]],"C":[[0.013887369235687329,-0.0098843549802717472,0.018444195568249548,-0.0079479377419307291,-0.01437747823201601],[0.017712648168399042,0.016048137572206314,-0.019751184277653981,-0.0017451427041375246,0.013319953786473011],[0.014794031213937034,-0.03199904014150038,-0.046207498895042984,-0.03547654422514377,-0.029756352380321826],[0.012468345421589672,-0.035672484875996932,-0.026809395782105602,-0.036272209099767395,-0.019998205097795756]],"x0":[65691.202053024768,24347.785161493885,7489.7680090734384,3829.3182916630967,1177.2946668841839],"E":[[0.97023376977620857,0.021824218344038384,0.025274178169035839,0.031968959931611265,0.024242846048010764],[0.021824218344038384,0.926017508299616,-0.021321882538175418,-0.066787702254016076,-0.05171570252636612],[0.025274178169035839,-0.021321882538175418,0.93324511622979811,-0.040503825700234093,-0.054708565201100748],[0.031968959931611265,-0.066787702254016076,-0.040503825700234093,0.90228431847324053,-0.060947606483679868],[0.024242846048010764,-0.05171570252636612,-0.054708565201100748,-0.060947606483679868,0.901252115169626]],"f":[27113.890855749585,-17459.858548734039,-46071.404889969781,-22525.320975459395,-47867.394269644137]}