{"B1":[[104268.47799807816,0,0,0,0],[0,48012.183841973514,0,0,0],[0,0,28399.821165187233,0,0],[0,0,0,30574.2885050211,0],[0,0,0,0,-28608.288457981496]],"A":[[1.4944975297066256,-0.01072100000578952,-0.080523100319200819,-0.088342668955637041,0.078983914708574812],[-0.010721000005781467,-1.5601117672820637,0.4063490840977344,-0.40034123601600635,-0.0664507460699193],[-0.080523100319195184,0.40634908409772974,-10.351568848531304,-10.194933233864997,12.653378872674189],[-0.088342668955633447,-0.40034123601600413,-10.194933233864994,-19.971260041374343,30.473449735926287],[0.0789839147085798,-0.066450746069898869,12.653378872674189,30.473449735926266,-60.935283258680634]],"B":[[-6.4525047655121,-4.3333211671884539],[-13.314952330879477,-0.76714553633327887],[-7.9250226024044164,-9.8967894477961433],[-11.205916505261392,-2.1424526027834694],[4.8984081112230387,10.991728282801244]],"C1":[[2.23606797749979,0,0,0,0],[0,2.23606797749979,0,0,0],[0,0,2.23606797749979,0,0],[0,0,0,2.23606797749979,0],[0,0,0,0,2.23606797749979],[0,0,0,0,0],[0,0,0,0,0]],"D12":[[0,0],[0,0],[0,0],[0,0],[0,0],[5,0],[0,5]],"C":[[0.61730525966021,-0.67652391634494979,0.060898171330199924,0.21996877826583927,-0.50368428796468012],[0.50303301698457714,0.96379323645796622,-0.14946078588797432,1.0681763382353973,0.52413874511781766],[0.41662273222522378,0.66651002227316447,1.9485758216538627,0.59887857038625469,-0.79159126189680773],[0.54644356128932137,-0.59707096606324928,1.4185715829712504,0.59137513539892361,-1.062709789962305]],"x0":[81637.234333515182,13574.08471027485,-6257.9195125180122,-654.18166230761483,125.3242442779641],"E":[[0.957885258604297,0.0051776702917023,-0.048986048475677668,-0.052670442880183889,0.047815416316942715],[0.0051776702917023,0.9197609164545093,0.013820663534021921,0.0011295785996103883,-0.019723656085659243],[-0.048986048475677668,0.013820663534021921,0.86709502904487046,-0.066845254301340168,0.11172340411835605],[-0.052670442880183889,0.0011295785996103883,-0.066845254301340168,0.90270135890477965,0.0573900263145563],[0.047815416316942715,-0.019723656085659243,0.11172340411835605,0.0573900263145563,0.86453241469431363]],"f":[22631.243664562946,34438.099131698618,34657.740677705253,31228.470167328687,-28733.612702259477]}