{"B1":[[164605.58251720137,0,0,0,0],[0,79063.52496445032,0,0,0],[0,0,14848.191007654204,0,0],[0,0,0,-38879.880435573818,0],[0,0,0,0,49013.2361107768]],"A":[[1.6589507607103411,-0.024314994136177409,-0.015618180982744772,-0.0042469578130755418,-0.086773206974128742],[-0.024314994136189625,-2.1143858750922164,-2.5019476644386081,0.84340720538618741,-3.2656811715396348],[-0.015618180982743169,-2.5019476644386094,-22.023854178862077,-14.209934361168139,-16.693984397977054],[-0.0042469578130884186,0.8434072053861823,-14.209934361168111,-27.852302041062213,-20.324106241537184],[-0.086773206974114073,-3.265681171539621,-16.693984397977022,-20.324106241537148,-35.633627571651154]],"B":[[-9.7027228757275843,-6.5458139446226031],[-22.020094384747971,-7.0167099036934912],[-0.029178541047154449,-4.5275842464007372],[19.987747312705721,-6.5917644832784887],[-6.2130006155148756,-22.070550453845719]],"C":[[0.016596707253969934,-0.013138047886009745,0.018199389176907783,-0.013404762753537483,0.0062596240036759355],[0.013377478118844455,0.016115887071615594,-0.010952134888095232,0.017060332300652188,0.030658278579418625],[0.011167310116555791,0.03239209478426229,-0.0066849581443847875,-0.010243245162472915,0.0376915240240901],[0.01466693079910281,-0.00065728451837458583,0.0061896705754242555,-0.013022154263405259,0.028728847456817416]],"C1":[[0.70710678118654757,0,0,0,0],[0,0.70710678118654757,0,0,0],[0,0,0.70710678118654757,0,0],[0,0,0,0.70710678118654757,0],[0,0,0,0,0.70710678118654757],[0,0,0,0,0],[0,0,0,0,0]],"D12":[[0,0],[0,0],[0,0],[0,0],[0,0],[7.0710678118654755,0],[0,7.0710678118654755]],"x0":[130530.05441094867,13488.22414704011,7983.8682854352464,1201.8411212726387,374.90889122098326],"E_pod":[[0.9717787690290336,-0.0036867861563444223,-0.0045065456924692406,-0.005372785202686213,-0.043215847915177588],[-0.0036867861563444223,0.94561510422095663,-0.0040482479642421814,0.013517075224415698,-0.021843004334158651],[-0.0045065456924692406,-0.0040482479642421814,0.97775227427375322,-0.0019454217448616629,-0.013948019292386902],[-0.005372785202686213,0.013517075224415698,-0.0019454217448616629,0.9043061678680574,-0.047104895171933288],[-0.043215847915177588,-0.021843004334158651,-0.013948019292386902,-0.047104895171933288,0.88199145780945676]],"f_pod":[34075.528106252881,65575.300817410141,6864.3227222189917,-40081.721556846576,48638.327219555744]}