{"A":[[1.9840930450529246,-0.8602962001667952,-1.8041968638976078,0.88233349944949813,0.045818909467316919,-0.077745655883204257,0.43565353164652132],[0.073029892744160857,-34.467139428736132,37.549786676765216,21.49736401672644,-28.140192170145852,-13.03047973486664,-11.419240275916541],[-0.054550640759085292,38.048369736297616,-47.73017118295801,-32.636675188666977,48.004177540569728,24.671504072805742,19.351276879127024],[-0.024753421611344563,20.163622862345409,-33.346755843557183,-38.230619295683681,71.280005182329646,38.170007598652056,27.319796428302453],[0.034330447474218338,-28.483743337887471,48.530554861387309,72.351060352276377,-180.24529999161098,-99.482745814127426,-79.853317578295659],[0.01687373158127331,-14.043943205559236,24.006180484080033,36.316335010841335,-101.63653989945674,-85.607045015926573,-76.623887530490222],[0.013263412759489114,-11.042459740069003,18.880429670291488,28.578366910514859,-80.30894535070648,-80.4607952523772,-141.58443816471475]],"B":[[-5.1311787888315514,-3.0814666009373175],[1.3972010733217768,-0.49281505439675044],[4.6208629109481612,0.56039370647807307],[-6.0040531442829792,1.8530230390922269],[-0.10814014551016621,0.99849833451653913],[-3.9477848240512503,-0.095345933712102038],[0.52275998396897894,-2.8170138493031107]],"C":[[-7.229237586540366,-4.8876180522056938,-3.424723831487217,-1.8075325961193123,-1.2552053250667015,3.0301210074687694,-4.8130698985070026],[-2.6754206714237716,3.5453690760138667,5.2496241804414359,-2.7096678902689098,0.5117666217992658,-2.6880997695668771,1.5770318443902815]],"B1":[[-17.658281600083548,0,0,0,0,0,0],[0,27.608328962577133,0,0,0,0,0],[0,0,-14.037341258439463,0,0,0,0],[0,0,0,-2.2928932669176381,0,0,0],[0,0,0,0,0.63384521279058925,0,0],[0,0,0,0,0,0.03436063730060223,0],[0,0,0,0,0,0,0.0019577422649213511]],"C1":[[0.70710678118654757,0,0,0,0,0,0],[0,0.70710678118654757,0,0,0,0,0],[0,0,0.70710678118654757,0,0,0,0],[0,0,0,0.70710678118654757,0,0,0],[0,0,0,0,0.70710678118654757,0,0],[0,0,0,0,0,0.70710678118654757,0],[0,0,0,0,0,0,0.70710678118654757],[0,0,0,0,0,0,0],[0,0,0,0,0,0,0]],"D12":[[0,0],[0,0],[0,0],[0,0],[0,0],[0,0],[0,0],[7.0710678118654755,0],[0,7.0710678118654755]],"x0":[-17.658281600083548,27.608328962577133,-14.037341258439463,-2.2928932669176381,0.63384521279058925,0.03436063730060223,0.0019577422649213511]}