{"B1":[[17.873100383919525,0,0,0,0],[0,25.172486981113579,0,0,0],[0,0,-12.708092120239543,0,0],[0,0,0,3.0551726335869724,0],[0,0,0,0,-0.47348731181661924]],"A":[[1.2899680812854193,-0.21162522104139181,0.10863591390970674,-0.063587159262098056,0.028354107312843005],[-0.2116252210413907,-22.522004740479186,21.308759191864738,-14.854245072826737,6.6811497919804692],[0.10863591390970864,21.308759191864695,-30.394607645000434,32.722189370184182,-14.934066746573226],[-0.06358715926209646,-14.854245072826718,32.722189370184182,-117.45458775669388,70.143873195573221],[0.028354107312837606,6.6811497919804843,-14.934066746573217,70.1438731955732,-68.163332280251822]],"B":[[5.0528822682108023,4.1476497330738473],[-1.2655807020334469,-0.52140244272521075],[-0.15114196066591884,0.45822775758405532],[0.96903224266629884,0.451655988086783],[2.7578160930530609,0.0926584500594998]],"C":[[4.5211405783092813,-3.0830421334804723,-2.5372249385035039,-0.45607932647521549,-0.874451770944534],[4.6491261555255443,2.3588121912183873,3.2084415755573614,0.27673227666040973,1.0327928782662408]],"C1":[[7.0710678118654755,0,0,0,0],[0,7.0710678118654755,0,0,0],[0,0,7.0710678118654755,0,0],[0,0,0,7.0710678118654755,0],[0,0,0,0,7.0710678118654755],[0,0,0,0,0],[0,0,0,0,0]],"D12":[[0,0],[0,0],[0,0],[0,0],[0,0],[2.23606797749979,0],[0,2.23606797749979]],"x0":[17.873100383919525,25.172486981113579,-12.708092120239543,3.0551726335869724,-0.47348731181661924]}