{"B1":[[117204.56713805858,0,0,0,0],[0,81490.054936628469,0,0,0],[0,0,59190.499235414718,0,0],[0,0,0,-70768.880542007639,0],[0,0,0,0,-34774.226158905556]],"A":[[0.19081787271087808,0.015285655108026021,-1.0343684513748235,1.060381082988834,-2.1659207437183277],[0.12709272522068085,-1.3168540714310291,-0.84516282845269985,2.6847092212817589,0.88502385107071879],[-0.02989385548114434,-0.73812836311751728,-5.0554760971010033,5.0222960081183334,0.63716035731845189],[-0.28551304260017668,2.348685066948438,3.1351362263552689,-15.866062477538179,-9.9748446507482988],[-0.16130945195517082,1.3768612508680653,1.7585854350181349,-7.5783138843925366,-33.87646425312856]],"B":[[-7.1387621439815661,-16.752227265252852],[-20.900796856907572,-4.9014331358321961],[-9.6758109201944382,-20.649286350806488],[27.254801563845877,1.0179387785882077],[29.653579417093979,-26.538302947535591]],"C1":[[0.5,0,0,0,0],[0,0.5,0,0,0],[0,0,0.5,0,0],[0,0,0,0.5,0],[0,0,0,0,0.5],[0,0,0,0,0],[0,0,0,0,0]],"D12":[[0,0],[0,0],[0,0],[0,0],[0,0],[7.0710678118654755,0],[0,7.0710678118654755]],"C":[[0.02046242493223227,-0.0096730638395186915,-0.01650629547425975,0.00960877076306703,-0.0020567114443624359],[0.0099818838165959684,0.026280288266500029,-0.012318784417316493,-0.0701952505892577,-0.013184046056770963],[0.016020147153963566,0.0033084710401032605,-0.00014708028630331228,-0.0018101716278341991,-0.0010394233060894832]],"x0":[73967.210447952544,21124.716337178721,3671.6324554941289,-78.300749002476451,592.674018602602],"N":[[-2.90096319220327E-14,-8.4296643851067734E-14,-3.4502337795001607E-14,1.1705501428304802E-13,1.1368801157001433E-13],[-8.4296643851067734E-14,-2.4702128211805211E-13,-1.1603851638349178E-13,3.1958183174314907E-13,3.5260397728311977E-13],[-3.4502337795001607E-14,-1.1603851638349178E-13,-1.6288626298800505E-13,-1.8751857519817075E-14,3.0460627910209662E-13],[1.1705501428304802E-13,3.1958183174314907E-13,-1.8751857519817072E-14,-6.77489694047254E-13,-2.38009831191385E-13],[1.1368801157001433E-13,3.5260397728311982E-13,3.0460627910209667E-13,-2.38009831191385E-13,-6.84943914495121E-13]],"E":[[0.86544927428263752,-0.016015668586531123,0.067509437590253768,-0.035483662098662563,0.0821199055611491],[-0.016015668586531123,0.93741295937520119,0.0078817690097254672,0.019450150854652081,0.03899487735781889],[0.067509437590253768,0.0078817690097254672,0.88139815320206027,0.041694064835540313,-0.030004463700447681],[-0.035483662098662563,0.019450150854652081,0.041694064835540313,0.88267288095146867,0.019184405764158939],[0.0821199055611491,0.03899487735781889,-0.030004463700447681,0.019184405764158939,0.84320156749592579]],"f":[43112.400534564185,59999.536042678032,55349.501363686541,-70213.335385656319,-34848.18074770704],"dn":[124.95615554180451,365.80255677185011,169.365416233998,-477.24440734879073,-518.71942980115]}