{"B1":[[-79768.1573367405,0,0,0,0],[0,-55277.958430769489,0,0,0],[0,0,-9669.98739172577,0,0],[0,0,0,38863.280545617723,0],[0,0,0,0,31642.485552437196]],"A":[[0.20938494651494916,-0.09667189837924979,-0.061009337143591219,0.10122321529517618,0.076380295708085882],[-0.096671898379250484,-0.87755382896297651,-0.41411389764476619,1.0609760398073684,0.8142708326666227],[-0.06100933714359353,-0.41411389764476292,-2.9966655334128194,2.8540695798358175,2.2611762671722895],[0.10122321529517603,1.060976039807366,2.8540695798358109,-9.9556907786699771,-10.51231767571328],[0.076380295708084731,0.81427083266662437,2.2611762671722864,-10.512317675713282,-15.372464413950672]],"B":[[5.5140518918344279,7.6690045681121761],[12.704470446552222,16.963079280259535],[5.257496756294918,23.898351106926839],[-11.436726719275757,-27.757293023261258],[-1.7734123446037851,-33.633958060906309]],"C1":[[2.23606797749979,0,0,0,0],[0,2.23606797749979,0,0,0],[0,0,2.23606797749979,0,0],[0,0,0,2.23606797749979,0],[0,0,0,0,2.23606797749979],[0,0,0,0,0],[0,0,0,0,0]],"D12":[[0,0],[0,0],[0,0],[0,0],[0,0],[7.0710678118654755,0],[0,7.0710678118654755]],"C":[[-0.85339144226391728,0.677706690341848,-0.16005949069795902,-0.1352171795077419,0.8834782922855593],[-0.66550977532532118,-0.99536403478823576,0.35611935133496164,1.0514971479053949,-1.2219232678556922],[-0.31431134492926593,-1.0814525486359026,-2.2447350304863822,2.1964108691832864,1.451270244358184],[-0.43754307186279084,-0.23971475472922785,-2.17463289096613,1.5466832495203151,1.440642068163863]],"x0":[-64043.570198504356,-19684.034364052277,20250.523414580257,-4417.0459261585493,-1465.5364537445407],"E":[[0.97380839952383469,0.0036455669688278407,-0.025725618723267722,0.029310099901534506,0.016017362301993302],[0.0036455669688278407,0.9470098678503418,0.0045818535658534347,0.021425548781568632,0.0040251948345282817],[-0.025725618723267722,0.0045818535658534347,0.910545980195908,0.066788615776256027,0.080578010287320936],[0.029310099901534506,0.021425548781568632,0.066788615776256027,0.90764159002154332,-0.068523284541488844],[0.016017362301993302,0.0040251948345282817,0.080578010287320936,-0.068523284541488844,0.89176703533753854]],"f":[-15724.587138236042,-35593.924066717125,-29920.510806306011,43280.326471776338,33108.022006181731]}