{"B1":[[17.797197551605358,0,0,0,0],[0,-25.19853419118472,0,0,0],[0,0,-12.769142869648467,0,0],[0,0,0,-3.0300469046124126,0],[0,0,0,0,0.46623333626311536]],"A":[[0.50841372352922121,0.063441194804048251,0.032973805658748648,0.019190974747645854,-0.0085953067093169529],[0.0634411948040472,-9.1225841269853341,-8.6695270590155,-6.0312678760973757,2.7208390054876244],[0.032973805658748447,-8.6695270590155111,-12.451783225545414,-13.341942585603629,6.1068588457121811],[0.019190974747644779,-6.0312678760973633,-13.341942585603633,-47.750737809919606,28.539043172637093],[-0.008595306709319378,2.7208390054876253,6.1068588457121908,28.539043172637058,-27.746728692040882]],"B":[[5.057574788392774,4.1486218405346964],[1.2440381711786799,0.502413048014017],[-0.1330579951072767,0.46874364673170438],[-0.97533020904998768,-0.45380905548345529],[-2.7601021241689887,-0.094090660045554053]],"C":[[4.5387588199843449,3.0754584267110339,-2.5174652284961248,0.45250415903492,0.87236346278283694],[4.633047474676637,-2.3901601692666312,3.2096031377550256,-0.27497330042883344,-1.0268863231121024]],"C1":[[7.0710678118654755,0,0,0,0],[0,7.0710678118654755,0,0,0],[0,0,7.0710678118654755,0,0],[0,0,0,7.0710678118654755,0],[0,0,0,0,7.0710678118654755],[0,0,0,0,0],[0,0,0,0,0]],"D12":[[0,0],[0,0],[0,0],[0,0],[0,0],[7.0710678118654755,0],[0,7.0710678118654755]],"x0":[17.797197551605358,-25.19853419118472,-12.769142869648467,-3.0300469046124126,0.46623333626311536]}