{"B1":[[-94603.443324115768,0,0,0,0],[0,-66745.634940980279,0,0,0],[0,0,-7728.96096591333,0,0],[0,0,0,-27243.1717649788,0],[0,0,0,0,45431.309214538029]],"A":[[0.39496604360016618,0.68293216991659733,-0.4606415633683858,0.7391469969107255,-0.67336485412944624],[0.68293216991659933,-3.3075323206103473,1.8793834202398387,-3.8371002581444977,3.7214237227722267],[-0.460641563368388,1.8793834202398427,-7.2452783680077282,8.088764681283946,-7.18136651009732],[0.73914699691071828,-3.8371002581444973,8.0887646812839531,-23.747589658036979,11.545185042715236],[-0.67336485412945124,3.7214237227722271,-7.1813665100973143,11.545185042715204,-18.618179523034062]],"B":[[4.4421267153502484,2.7863519465876005],[12.993304365420828,7.742592190444336],[5.1805118758361086,-9.3051838317208624],[7.1319912503059673,3.5777501546864472],[-14.820987155782317,-8.1820245745324254]],"C1":[[5,0,0,0,0],[0,5,0,0,0],[0,0,5,0,0],[0,0,0,5,0],[0,0,0,0,5],[0,0,0,0,0],[0,0,0,0,0]],"D12":[[0,0],[0,0],[0,0],[0,0],[0,0],[5,0],[0,5]],"C":[[-0.6887376215685489,0.41417578698161173,0.35790337700777314,0.29935531490900358,-0.071207641225014717],[-0.381370022242967,-0.79831924203696858,-0.343871741408991,-1.6897407803239539,0.59811906071729581],[-0.268786281501982,-0.90692992771339564,-0.19824054656766024,1.3430767536600097,1.6561127105901337],[-0.37732285784509184,-0.70727663269131946,2.1252925253165853,-0.7867528761512862,0.59135020217611023]],"x0":[-79231.440045941679,-22395.007476458581,-8678.8551067988446,-3909.8463788569079,-4180.9980117934947],"E":[[0.96098720810238314,-0.0014279162790469483,0.021920739678251776,-0.0058221598607626369,0.047923233507622016],[-0.0014279162790469483,0.91583086040771178,0.016930269409001244,-0.04525943391722187,0.040031473374170741],[0.021920739678251776,0.016930269409001244,0.88005340355213091,0.043763415276416563,-0.034660081601275788],[-0.0058221598607626369,-0.04525943391722187,0.043763415276416563,0.8326593129819877,0.011248673259536652],[0.047923233507622016,0.040031473374170741,-0.034660081601275788,0.011248673259536652,0.87306123219436083]],"N":[[-4.9802030844930318E-14,-1.4087220598324021E-13,5.9379859254321955E-14,-8.8098856763436274E-14,1.5121842445952455E-13],[-1.4087220598324018E-13,-4.025308874520407E-13,1.4130193262706096E-13,-2.010977536562975E-13,4.4541180336263363E-13],[5.9379859254321955E-14,1.4130193262706096E-13,-5.6390605045974148E-13,3.8724424029471381E-13,-1.3301047146309687E-13],[-8.8098856763436274E-14,-2.0109775365629753E-13,3.8724424029471381E-13,-9.7981035615756584E-13,1.1084688646067411E-13],[1.5121842445952455E-13,4.4541180336263363E-13,-1.3301047146309687E-13,1.1084688646067408E-13,-5.7191648545018307E-13]],"dn":[-87.158569917039245,-253.47826530309453,-56.601917105509493,-136.72202832752964,286.80247507710573],"f":[-15284.844708257026,-44097.149199218584,1006.4960579910169,-23196.603357794629,49325.504751254433]}