{"B1":[[70217.791116885419,0,0,0,0],[0,71184.701028681782,0,0,0],[0,0,65365.951490445092,0,0],[0,0,0,4367.9976083246765,0],[0,0,0,0,-28681.131359647767]],"A":[[0.10597973714216426,-0.055715689196838683,-0.081926815628600949,0.015327093127079545,-0.068213082468796912],[-0.055715689196839092,-1.3441613311148373,-1.6701311320793486,-0.010123344629766289,0.87816639289857978],[-0.081926815628599256,-1.6701311320793488,-4.9664213263259658,-0.24207706879417853,2.521744614191396],[0.015327093127079968,-0.010123344629765016,-0.24207706879418184,-2.2334435534899075,0.9554008790454257],[-0.06821308246879787,0.8781663928985799,2.5217446141913924,0.95540087904542714,-6.3258279852048593]],"B":[[-4.7170090429302567,-7.6833386423533918],[-15.070300869807452,-20.745192138858172],[-14.891809008852608,-28.085299688210352],[-12.147456602551586,23.564150421082825],[18.239892042991745,-15.896736257025916]],"C1":[[2.23606797749979,0,0,0,0],[0,2.23606797749979,0,0,0],[0,0,2.23606797749979,0,0],[0,0,0,2.23606797749979,0],[0,0,0,0,2.23606797749979],[0,0,0,0,0],[0,0,0,0,0]],"D12":[[0,0],[0,0],[0,0],[0,0],[0,0],[7.0710678118654755,0],[0,7.0710678118654755]],"C":[[0.89785354898072023,-0.55735338383744215,0.52036098939030107,-0.029765053413464349,-0.25889530738663175],[0.52106208414177291,1.181128350157594,0.18140605050887235,0.99456659892849475,-1.8737627788999305],[0.35497203909548947,1.2603010197918296,1.9766080652947038,0.78637407118116009,0.96649273725868834],[0.43159681819602413,0.700437520780782,0.92338837925310291,-1.6404697833692488,-0.89209559227112356]],"x0":[51395.686399378334,14634.86744282447,2334.1484433904543,-3233.4879094225857,1103.5806702794907],"E":[[0.97393441878002374,-0.00083576108571461094,-0.022363178003860337,-0.008395114111110092,0.00818303738048754],[-0.00083576108571461094,0.94338029816426539,-0.034341909628081264,-0.0001883282377866713,0.030263638837416781],[-0.022363178003860337,-0.034341909628081264,0.92845796499984956,-0.0073680245953937689,0.0087313133809055529],[-0.008395114111110092,-0.0001883282377866713,-0.0073680245953937689,0.94155295137028161,0.020008770237731004],[0.00818303738048754,0.030263638837416781,0.0087313133809055529,0.020008770237731004,0.91165533076621019]],"N":[[-9.0948534827366257E-12,-2.7089835886749716E-11,-2.9753685296575717E-11,-2.5695820932766146E-12,1.4946199310680489E-11],[-2.7089835886749716E-11,-8.2324916633857466E-11,-9.1616590889860429E-11,-1.7791108682659142E-11,4.3946532773077652E-11],[-2.9753685296575717E-11,-9.1616590889860429E-11,-1.1336425261116993E-10,-1.1347992080117311E-11,2.0860708981598632E-11],[-2.5695820932766146E-12,-1.7791108682659142E-11,-1.1347992080117311E-11,-8.9247651633033138E-11,5.3215577896679123E-11],[1.4946199310680489E-11,4.3946532773077665E-11,2.0860708981598632E-11,5.3215577896679136E-11,-1.6017257157371215E-10]],"f":[14462.21924680646,42783.15431666428,49103.6641335535,-1771.8048148919854,-14876.764637463462],"dn":[4359.8854707005667,13766.679269193128,13928.138913501105,9373.2903326392316,-14907.947392463579]}